{"cameraMode":{"drawMode":0,"name":"Shaded","section":"Shading Mode"},"sceneLighting":true,"audioPlay":false,"sceneViewState":{"m_AlwaysRefresh":false,"showFog":true,"showSkybox":true,"showFlares":true,"showImageEffects":true,"showParticleSystems":true,"showVisualEffectGraphs":true,"m_FxEnabled":true},"in2DMode":false,"pivot":{"x":-0.6326020359992981,"y":1.85685396194458,"z":-45.31831359863281},"rotation":{"x":0.0016075561288744212,"y":-0.9984163045883179,"z":0.037457238882780078,"w":0.04225873947143555},"size":23.182706832885743,"orthographic":false}